public_id,en_db,estado,error
andesscale/sections/uwgfimw2iihrlbgomyhs,no,huerfano,
andesscale/services/f0yjdym4m7kwb0xy6blm,no,huerfano,
andesscale/services/fmzl2bmvosegehgidk3r,no,huerfano,
andesscale/services/frq0zedcay5odxwetxdr,si,referenciado,
andesscale/services/iiao2bxonze0h2clxvzz,si,referenciado,
andesscale/services/qlq1moqjbzqwjlfns4d9,si,referenciado,
andesscale/services/qz9cso8cbpra5mxpbtz0,no,huerfano,
andesscale/services/tqgsbq9sxz7ja1hw2f8f,no,huerfano,
ax5nn5vjtnppcmfuzfxc,no,huerfano,
d1bm4buref2kdvkitbnd,no,huerfano,
ddietevtnhixsequeehr,no,huerfano,
gct86beishvnewgvxqoy,si,referenciado,
hxlng8rwhw5v4usyukvx,no,huerfano,
nvomb5evluv00eflra5d,si,referenciado,
ocxfpyiyksw4lajglmhk,si,referenciado,
owijea8xehqbtaekfilf,no,huerfano,
qgl9brcjadpxuabrngs3,no,huerfano,
rzykottynhbwrwwy5vmh,no,huerfano,
sections/c2orph293hex4nl7vo3u,no,huerfano,
sections/dyto12qfguzmtlkjxlws,no,huerfano,
sections/psnuax7njnspdg2dcjel,no,huerfano,
sections/wddho4sgaiiseqkunudv,no,huerfano,
sections/x3vfrun82kxmgbqhjcro,no,huerfano,
seo/og_images/b0tsuxfid81v5bywgsbq,no,huerfano,
seo/og_images/fketekimoffpgyforg5b,no,huerfano,
seo/og_images/tntg7edypaftwtiwmmd6,no,huerfano,
servelec-ingenieria/services/ua6vygop9dsququq8xvc,si,referenciado,
servelec/sections/bea3ktmj5abpuglncui7,si,referenciado,
servelec/sections/lrwvyn8b138vzifsdzy8,si,referenciado,
servelec/sections/tomlmorl8ntdvfczhxkd,no,huerfano,
servelec/sections/trgbmg9whuyt8hqjqeug,no,huerfano,
servelec/sections/yimwd7fmx7qecmfd5u2h,no,huerfano,
servelec/services/lhjuawkmgjfztmubre7t,no,huerfano,
servelec/services/y3nqstveuwxarmvjmohs,no,huerfano,
servelec/services/yiomrnd1ixips757lvfl,no,huerfano,
servelec/services/ym3uklaabmbv4rpc8nel,no,huerfano,
services/b1emcf0t2yk0yk5jds1x,no,huerfano,
services/yimqg7rlskadqiiwpcpk,no,huerfano,
sjedlgptba0ol5b2x6op,no,huerfano,
szskuciax1mji9kdet4r,no,huerfano,
typuvxcnrap8fxxsu6es,no,huerfano,
ug9j7t5mtb2e7tx81nkm,no,huerfano,
ukwp0t0qorzppccapfsv,no,huerfano,
uwwkqdlpecpvkachd8lf,no,huerfano,
vfeztb1cbktbdnxgxzap,no,huerfano,
wxeucchrl4jjeeytkhgk,no,huerfano,
xffy3zpsmxdtodpsnhjh,no,huerfano,
yak0tbvqsxww24yrwfkk,no,huerfano,
z2cmnhzttuflw5cikq6w,no,huerfano,
z2mnvzgumjqixsnkwlrl,no,huerfano,
zksiyv49zph0tupozpex,no,huerfano,
